Id,Pawpularity
4128bae22183829d2b5fea10effdb0c3,-4.953490734100342
43a2262d7738e3d420d453815151079e,-4.955575942993164
4e429cead1848a298432a0acad014c9d,0.8034308552742004
80bc3ccafcc51b66303c2c263aa38486,0.08183925598859787
8f49844c382931444e68dffbe20228f4,-3.669966220855713
b03f7041962238a7c9d6537e22f9b017,-5.207986831665039
c978013571258ed6d4637f6e8cc9d6a3,-3.5030272006988525
e0de453c1bffc20c22b072b34b54e50f,-1.428505778312683
