Id,Pawpularity
4128bae22183829d2b5fea10effdb0c3,19.48340606689453
43a2262d7738e3d420d453815151079e,29.353797912597656
4e429cead1848a298432a0acad014c9d,13.555036544799805
80bc3ccafcc51b66303c2c263aa38486,27.092649459838867
8f49844c382931444e68dffbe20228f4,10.816617012023926
b03f7041962238a7c9d6537e22f9b017,16.214540481567383
c978013571258ed6d4637f6e8cc9d6a3,24.878881454467773
e0de453c1bffc20c22b072b34b54e50f,25.485992431640625
