Id,Pawpularity
4128bae22183829d2b5fea10effdb0c3,34.48332
43a2262d7738e3d420d453815151079e,32.253754
4e429cead1848a298432a0acad014c9d,32.886303
80bc3ccafcc51b66303c2c263aa38486,31.695492
8f49844c382931444e68dffbe20228f4,31.80424
b03f7041962238a7c9d6537e22f9b017,37.0072
c978013571258ed6d4637f6e8cc9d6a3,29.776514
e0de453c1bffc20c22b072b34b54e50f,32.383816
